Timestamp,binary_sensor.smartthings_contact_sensor_pid_004_contact,binary_sensor.smartthings_contact_sensor_pid_006_contact,binary_sensor.smartthings_contact_sensor_pid_003_contact,binary_sensor.xiaomi_motion_sensor_kitchen_occupancy,binary_sensor.xiaomi_motion_sensor_workarea_occupancy,binary_sensor.aqara_vibration_sensor_pid_077_vibration,binary_sensor.vibration_sensor_pid_078_vibration,binary_sensor.aqara_vibration_sensor_pid_079_vibration,sensor.aqara_wireless_switch_pid_081_action,sensor.aqara_wireless_switch_pid_082_action,binary_sensor.xiaomi_contact_sensor_pid_136_contact,sensor.aqara_temperature_and_humidity_pid_071_temperature,sensor.aqara_temperature_and_humidity_pid_072_temperature,sensor.aqara_temperature_and_humidity_pid_073_temperature,sensor.aqara_temperature_and_humidity_pid_074_temperature,binary_sensor.aqara_water_leak_sensor_pid_083_water_leak,binary_sensor.aqara_water_leak_sensor_pid_084_water_leak,switch.kasa_020,switch.kasa_023,switch.kasa_017,light.hue_light_bulb_pid_040,binary_sensor.aqara_motion_sensor_pid_075_occupancy,light.hue_lightstrip_plus_pid_145,light.philips_hue_lightstrip_pid_146 ,light.hue_lightstrip_plus_pid_147,binary_sensor.hue_motion_sensor_1_motion,vacuum.roborock_s5_max,light.053_lumiman_smart_bulb_2,sensor.mi_air_purifier_3_3h_pm2_5,climate.millheat_113,switch.kettle_start,humidifier.mi_smart_antibacterial_humidifier
2022-10-18 00:00:00,-9.7,-9.7,-9.7,-9.7,-9.7,-9.7,-9.7,-9.7,-9.7,-9.7,-9.7,-9.7,-9.7,-9.7,-9.7,-9.7,-9.7,1.0,-9.21,1.0,1.0,1.0,-9.21,,-9.21,1.0,-9.27,1.0,-9.21,-9.21,0.0,-9.21
2022-10-18 00:00:01,-9.7,-9.7,-9.7,-9.7,-9.7,-9.7,-9.7,-9.7,-9.7,-9.7,-9.7,-9.7,-9.7,-9.7,-9.7,-9.7,-9.7,1.0,-9.21,1.0,1.0,1.0,-9.21,,-9.21,1.0,-9.27,1.0,-9.21,-9.21,0.0,-9.21
2022-10-18 00:00:02,-9.7,-9.7,-9.7,-9.7,-9.7,-9.7,-9.7,-9.7,-9.7,-9.7,-9.7,-9.7,-9.7,-9.7,-9.7,-9.7,-9.7,1.0,-9.21,1.0,1.0,1.0,-9.21,,-9.21,1.0,-9.27,1.0,-9.21,-9.21,0.0,-9.21
2022-10-18 00:00:03,-9.7,-9.7,-9.7,-9.7,-9.7,-9.7,-9.7,-9.7,-9.7,-9.7,-9.7,-9.7,-9.7,-9.7,-9.7,-9.7,-9.7,1.0,-9.21,1.0,1.0,1.0,-9.21,,-9.21,1.0,-9.27,1.0,-9.21,-9.21,0.0,-9.21
2022-10-18 00:00:04,-9.7,-9.7,-9.7,-9.7,-9.7,-9.7,-9.7,-9.7,-9.7,-9.7,-9.7,-9.7,-9.7,-9.7,-9.7,-9.7,-9.7,1.0,-9.21,1.0,1.0,1.0,-9.21,,-9.21,1.0,-9.27,1.0,-9.21,-9.21,0.0,-9.21
2022-10-18 00:00:05,-9.7,-9.7,-9.7,-9.7,-9.7,-9.7,-9.7,-9.7,-9.7,-9.7,-9.7,-9.7,-9.7,-9.7,-9.7,-9.7,-9.7,1.0,-9.21,1.0,1.0,1.0,-9.21,,-9.21,1.0,-9.27,1.0,-9.21,-9.21,0.0,-9.21
2022-10-18 00:00:06,-9.7,-9.7,-9.7,-9.7,-9.7,-9.7,-9.7,-9.7,-9.7,-9.7,-9.7,-9.7,-9.7,-9.7,-9.7,-9.7,-9.7,1.0,-9.21,1.0,1.0,1.0,-9.21,,-9.21,1.0,-9.27,1.0,-9.21,-9.21,0.0,-9.21
2022-10-18 00:00:07,-9.7,-9.7,-9.7,-9.7,-9.7,-9.7,-9.7,-9.7,-9.7,-9.7,-9.7,-9.7,-9.7,-9.7,-9.7,-9.7,-9.7,1.0,-9.21,1.0,1.0,1.0,-9.21,,-9.21,1.0,-9.27,1.0,-9.21,-9.21,0.0,-9.21
2022-10-18 00:00:08,-9.7,-9.7,-9.7,-9.7,-9.7,-9.7,-9.7,-9.7,-9.7,-9.7,-9.7,-9.7,-9.7,-9.7,-9.7,-9.7,-9.7,1.0,-9.21,1.0,1.0,1.0,-9.21,,-9.21,1.0,-9.27,1.0,-9.21,-9.21,0.0,-9.21
2022-10-18 00:00:09,-9.7,-9.7,-9.7,-9.7,-9.7,-9.7,-9.7,-9.7,-9.7,-9.7,-9.7,-9.7,-9.7,-9.7,-9.7,-9.7,-9.7,1.0,-9.21,1.0,1.0,1.0,-9.21,,-9.21,1.0,-9.27,1.0,-9.21,-9.21,0.0,-9.21
2022-10-18 00:00:10,-9.7,-9.7,-9.7,-9.7,-9.7,-9.7,-9.7,-9.7,-9.7,-9.7,-9.7,-9.7,-9.7,-9.7,-9.7,-9.7,-9.7,1.0,-9.21,1.0,1.0,1.0,-9.21,,-9.21,1.0,-9.27,1.0,-9.21,-9.21,0.0,-9.21
2022-10-18 00:00:11,-9.7,-9.7,-9.7,-9.7,-9.7,-9.7,-9.7,-9.7,-9.7,-9.7,-9.7,-9.7,-9.7,-9.7,-9.7,-9.7,-9.7,1.0,-9.21,1.0,1.0,1.0,-9.21,,-9.21,1.0,-9.27,1.0,-9.21,-9.21,0.0,-9.21
2022-10-18 00:00:12,-9.7,-9.7,-9.7,-9.7,-9.7,-9.7,-9.7,-9.7,-9.7,-9.7,-9.7,-9.7,-9.7,-9.7,-9.7,-9.7,-9.7,1.0,-9.21,1.0,1.0,1.0,-9.21,,-9.21,1.0,-9.27,1.0,-9.21,-9.21,0.0,-9.21
2022-10-18 00:00:13,-9.7,-9.7,-9.7,-9.7,-9.7,-9.7,-9.7,-9.7,-9.7,-9.7,-9.7,-9.7,-9.7,-9.7,-9.7,-9.7,-9.7,1.0,-9.21,1.0,1.0,1.0,-9.21,,-9.21,1.0,-9.27,1.0,-9.21,-9.21,0.0,-9.21
2022-10-18 00:00:14,-9.7,-9.7,-9.7,-9.7,-9.7,-9.7,-9.7,-9.7,-9.7,-9.7,-9.7,-9.7,-9.7,-9.7,-9.7,-9.7,-9.7,1.0,-9.21,1.0,1.0,1.0,-9.21,,-9.21,1.0,-9.27,1.0,-9.21,-9.21,0.0,-9.21
2022-10-18 00:00:15,-9.7,-9.7,-9.7,-9.7,-9.7,-9.7,-9.7,-9.7,-9.7,-9.7,-9.7,-9.7,-9.7,-9.7,-9.7,-9.7,-9.7,1.0,-9.21,1.0,1.0,1.0,-9.21,,-9.21,1.0,-9.27,1.0,-9.21,-9.21,0.0,-9.21
2022-10-18 00:00:16,-9.7,-9.7,-9.7,-9.7,-9.7,-9.7,-9.7,-9.7,-9.7,-9.7,-9.7,-9.7,-9.7,-9.7,-9.7,-9.7,-9.7,1.0,-9.21,1.0,1.0,1.0,-9.21,,-9.21,1.0,-9.27,1.0,-9.21,-9.21,0.0,-9.21
2022-10-18 00:00:17,-9.7,-9.7,-9.7,-9.7,-9.7,-9.7,-9.7,-9.7,-9.7,-9.7,-9.7,-9.7,-9.7,-9.7,-9.7,-9.7,-9.7,1.0,-9.21,1.0,1.0,1.0,-9.21,,-9.21,1.0,-9.27,1.0,-9.21,-9.21,0.0,-9.21
2022-10-18 00:00:18,-9.7,-9.7,-9.7,-9.7,-9.7,-9.7,-9.7,-9.7,-9.7,-9.7,-9.7,-9.7,-9.7,-9.7,-9.7,-9.7,-9.7,1.0,-9.21,1.0,1.0,1.0,-9.21,,-9.21,1.0,-9.27,1.0,-9.21,-9.21,0.0,-9.21
2022-10-18 00:00:19,-9.7,-9.7,-9.7,-9.7,-9.7,-9.7,-9.7,-9.7,-9.7,-9.7,-9.7,-9.7,-9.7,-9.7,-9.7,-9.7,-9.7,1.0,-9.21,1.0,1.0,1.0,-9.21,,-9.21,1.0,-9.27,1.0,-9.21,-9.21,0.0,-9.21
2022-10-18 00:00:20,-9.7,-9.7,-9.7,-9.7,-9.7,-9.7,-9.7,-9.7,-9.7,-9.7,-9.7,-9.7,-9.7,-9.7,-9.7,-9.7,-9.7,1.0,-9.21,1.0,1.0,1.0,-9.21,,-9.21,1.0,-9.27,1.0,-9.21,-9.21,0.0,-9.21
2022-10-18 00:00:21,-9.7,-9.7,-9.7,-9.7,-9.7,-9.7,-9.7,-9.7,-9.7,-9.7,-9.7,-9.7,-9.7,-9.7,-9.7,-9.7,-9.7,1.0,-9.21,1.0,1.0,1.0,-9.21,,-9.21,1.0,-9.27,1.0,-9.21,-9.21,0.0,-9.21
2022-10-18 00:00:22,-9.7,-9.7,-9.7,-9.7,-9.7,-9.7,-9.7,-9.7,-9.7,-9.7,-9.7,-9.7,-9.7,-9.7,-9.7,-9.7,-9.7,1.0,-9.21,1.0,1.0,1.0,-9.21,,-9.21,1.0,-9.27,1.0,-9.21,-9.21,0.0,-9.21
2022-10-18 00:00:23,-9.7,-9.7,-9.7,-9.7,-9.7,-9.7,-9.7,-9.7,-9.7,-9.7,-9.7,-9.7,-9.7,-9.7,-9.7,-9.7,-9.7,1.0,-9.21,1.0,1.0,1.0,-9.21,,-9.21,1.0,-9.27,1.0,-9.21,-9.21,0.0,-9.21
2022-10-18 00:00:24,-9.7,-9.7,-9.7,-9.7,-9.7,-9.7,-9.7,-9.7,-9.7,-9.7,-9.7,-9.7,-9.7,-9.7,-9.7,-9.7,-9.7,1.0,-9.21,1.0,1.0,1.0,-9.21,,-9.21,1.0,-9.27,1.0,-9.21,-9.21,0.0,-9.21
2022-10-18 00:00:25,-9.7,-9.7,-9.7,-9.7,-9.7,-9.7,-9.7,-9.7,-9.7,-9.7,-9.7,-9.7,-9.7,-9.7,-9.7,-9.7,-9.7,1.0,-9.21,1.0,1.0,1.0,-9.21,,-9.21,1.0,-9.27,1.0,-9.21,-9.21,0.0,-9.21
2022-10-18 00:00:26,-9.7,-9.7,-9.7,-9.7,-9.7,-9.7,-9.7,-9.7,-9.7,-9.7,-9.7,-9.7,-9.7,-9.7,-9.7,-9.7,-9.7,1.0,-9.21,1.0,1.0,1.0,-9.21,,-9.21,1.0,-9.27,1.0,-9.21,-9.21,0.0,-9.21
2022-10-18 00:00:27,-9.7,-9.7,-9.7,-9.7,-9.7,-9.7,-9.7,-9.7,-9.7,-9.7,-9.7,-9.7,-9.7,-9.7,-9.7,-9.7,-9.7,1.0,-9.21,1.0,1.0,1.0,-9.21,,-9.21,1.0,-9.27,1.0,-9.21,-9.21,0.0,-9.21
2022-10-18 00:00:28,-9.7,-9.7,-9.7,-9.7,-9.7,-9.7,-9.7,-9.7,-9.7,-9.7,-9.7,-9.7,-9.7,-9.7,-9.7,-9.7,-9.7,1.0,-9.21,1.0,1.0,1.0,-9.21,,-9.21,1.0,-9.27,1.0,-9.21,-9.21,0.0,-9.21
2022-10-18 00:00:29,-9.7,-9.7,-9.7,-9.7,-9.7,-9.7,-9.7,-9.7,-9.7,-9.7,-9.7,-9.7,-9.7,-9.7,-9.7,-9.7,-9.7,1.0,-9.21,1.0,1.0,1.0,-9.21,,-9.21,1.0,-9.27,1.0,-9.21,-9.21,0.0,-9.21
2022-10-18 00:00:30,-9.7,-9.7,-9.7,-9.7,-9.7,-9.7,-9.7,-9.7,-9.7,-9.7,-9.7,-9.7,-9.7,-9.7,-9.7,-9.7,-9.7,1.0,-9.21,1.0,1.0,1.0,-9.21,,-9.21,1.0,-9.27,1.0,-9.21,-9.21,0.0,-9.21
2022-10-18 00:00:31,-9.7,-9.7,-9.7,-9.7,-9.7,-9.7,-9.7,-9.7,-9.7,-9.7,-9.7,-9.7,-9.7,-9.7,-9.7,-9.7,-9.7,1.0,-9.21,1.0,1.0,1.0,-9.21,,-9.21,1.0,-9.27,1.0,-9.21,-9.21,0.0,-9.21
2022-10-18 00:00:32,-9.7,-9.7,-9.7,-9.7,-9.7,-9.7,-9.7,-9.7,-9.7,-9.7,-9.7,-9.7,-9.7,-9.7,-9.7,-9.7,-9.7,1.0,-9.21,1.0,1.0,1.0,-9.21,,-9.21,1.0,-9.27,1.0,-9.21,-9.21,0.0,-9.21
2022-10-18 00:00:33,-9.7,-9.7,-9.7,-9.7,-9.7,-9.7,-9.7,-9.7,-9.7,-9.7,-9.7,-9.7,-9.7,-9.7,-9.7,-9.7,-9.7,1.0,-9.21,1.0,1.0,1.0,-9.21,,-9.21,1.0,-9.27,1.0,-9.21,-9.21,0.0,-9.21
2022-10-18 00:00:34,-9.7,-9.7,-9.7,-9.7,-9.7,-9.7,-9.7,-9.7,-9.7,-9.7,-9.7,-9.7,-9.7,-9.7,-9.7,-9.7,-9.7,1.0,-9.21,1.0,1.0,1.0,-9.21,,-9.21,1.0,-9.27,1.0,-9.21,-9.21,0.0,-9.21
2022-10-18 00:00:35,-9.7,-9.7,-9.7,-9.7,-9.7,-9.7,-9.7,-9.7,-9.7,-9.7,-9.7,-9.7,-9.7,-9.7,-9.7,-9.7,-9.7,1.0,-9.21,1.0,1.0,1.0,-9.21,,-9.21,1.0,-9.27,1.0,-9.21,-9.21,0.0,-9.21
2022-10-18 00:00:36,-9.7,-9.7,-9.7,-9.7,-9.7,-9.7,-9.7,-9.7,-9.7,-9.7,-9.7,-9.7,-9.7,-9.7,-9.7,-9.7,-9.7,1.0,-9.21,1.0,1.0,1.0,-9.21,,-9.21,1.0,-9.27,1.0,-9.21,-9.21,0.0,-9.21
2022-10-18 00:00:37,-9.7,-9.7,-9.7,-9.7,-9.7,-9.7,-9.7,-9.7,-9.7,-9.7,-9.7,-9.7,-9.7,-9.7,-9.7,-9.7,-9.7,1.0,-9.21,1.0,1.0,1.0,-9.21,,-9.21,1.0,-9.27,1.0,-9.21,-9.21,0.0,-9.21
2022-10-18 00:00:38,-9.7,-9.7,-9.7,-9.7,-9.7,-9.7,-9.7,-9.7,-9.7,-9.7,-9.7,-9.7,-9.7,-9.7,-9.7,-9.7,-9.7,1.0,-9.21,1.0,1.0,1.0,-9.21,,-9.21,1.0,-9.27,1.0,-9.21,-9.21,0.0,-9.21
2022-10-18 00:00:39,-9.7,-9.7,-9.7,-9.7,-9.7,-9.7,-9.7,-9.7,-9.7,-9.7,-9.7,-9.7,-9.7,-9.7,-9.7,-9.7,-9.7,1.0,-9.21,1.0,1.0,1.0,-9.21,,-9.21,1.0,-9.27,1.0,-9.21,-9.21,0.0,-9.21
2022-10-18 00:00:40,-9.7,-9.7,-9.7,-9.7,-9.7,-9.7,-9.7,-9.7,-9.7,-9.7,-9.7,-9.7,-9.7,-9.7,-9.7,-9.7,-9.7,1.0,-9.21,1.0,1.0,1.0,-9.21,,-9.21,1.0,-9.27,1.0,-9.21,-9.21,0.0,-9.21
2022-10-18 00:00:41,-9.7,-9.7,-9.7,-9.7,-9.7,-9.7,-9.7,-9.7,-9.7,-9.7,-9.7,-9.7,-9.7,-9.7,-9.7,-9.7,-9.7,1.0,-9.21,1.0,1.0,1.0,-9.21,,-9.21,1.0,-9.27,1.0,-9.21,-9.21,0.0,-9.21
2022-10-18 00:00:42,-9.7,-9.7,-9.7,-9.7,-9.7,-9.7,-9.7,-9.7,-9.7,-9.7,-9.7,-9.7,-9.7,-9.7,-9.7,-9.7,-9.7,1.0,-9.21,1.0,1.0,1.0,-9.21,,-9.21,1.0,-9.27,1.0,-9.21,-9.21,0.0,-9.21
2022-10-18 00:00:43,-9.7,-9.7,-9.7,-9.7,-9.7,-9.7,-9.7,-9.7,-9.7,-9.7,-9.7,-9.7,-9.7,-9.7,-9.7,-9.7,-9.7,1.0,-9.21,1.0,1.0,1.0,-9.21,,-9.21,1.0,-9.27,1.0,-9.21,-9.21,0.0,-9.21
2022-10-18 00:00:44,-9.7,-9.7,-9.7,-9.7,-9.7,-9.7,-9.7,-9.7,-9.7,-9.7,-9.7,-9.7,-9.7,-9.7,-9.7,-9.7,-9.7,1.0,-9.21,1.0,1.0,1.0,-9.21,,-9.21,1.0,-9.27,1.0,-9.21,-9.21,0.0,-9.21
2022-10-18 00:00:45,-9.7,-9.7,-9.7,-9.7,-9.7,-9.7,-9.7,-9.7,-9.7,-9.7,-9.7,-9.7,-9.7,-9.7,-9.7,-9.7,-9.7,1.0,-9.21,1.0,1.0,1.0,-9.21,,-9.21,1.0,-9.27,1.0,-9.21,-9.21,0.0,-9.21
2022-10-18 00:00:46,-9.7,-9.7,-9.7,-9.7,-9.7,-9.7,-9.7,-9.7,-9.7,-9.7,-9.7,-9.7,-9.7,-9.7,-9.7,-9.7,-9.7,1.0,-9.21,1.0,1.0,1.0,-9.21,,-9.21,1.0,-9.27,1.0,-9.21,-9.21,0.0,-9.21
2022-10-18 00:00:47,-9.7,-9.7,-9.7,-9.7,-9.7,-9.7,-9.7,-9.7,-9.7,-9.7,-9.7,-9.7,-9.7,-9.7,-9.7,-9.7,-9.7,1.0,-9.21,1.0,1.0,1.0,-9.21,,-9.21,1.0,-9.27,1.0,-9.21,-9.21,0.0,-9.21
2022-10-18 00:00:48,-9.7,-9.7,-9.7,-9.7,-9.7,-9.7,-9.7,-9.7,-9.7,-9.7,-9.7,-9.7,-9.7,-9.7,-9.7,-9.7,-9.7,1.0,-9.21,1.0,1.0,1.0,-9.21,,-9.21,1.0,-9.27,1.0,-9.21,-9.21,0.0,-9.21
2022-10-18 00:00:49,-9.7,-9.7,-9.7,-9.7,-9.7,-9.7,-9.7,-9.7,-9.7,-9.7,-9.7,-9.7,-9.7,-9.7,-9.7,-9.7,-9.7,1.0,-9.21,1.0,1.0,1.0,-9.21,,-9.21,1.0,-9.27,1.0,-9.21,-9.21,0.0,-9.21
2022-10-18 00:00:50,-9.7,-9.7,-9.7,-9.7,-9.7,-9.7,-9.7,-9.7,-9.7,-9.7,-9.7,-9.7,-9.7,-9.7,-9.7,-9.7,-9.7,1.0,-9.21,1.0,1.0,1.0,-9.21,,-9.21,1.0,-9.27,1.0,-9.21,-9.21,0.0,-9.21
2022-10-18 00:00:51,-9.7,-9.7,-9.7,-9.7,-9.7,-9.7,-9.7,-9.7,-9.7,-9.7,-9.7,-9.7,-9.7,-9.7,-9.7,-9.7,-9.7,1.0,-9.21,1.0,1.0,1.0,-9.21,,-9.21,1.0,-9.27,1.0,-9.21,-9.21,0.0,-9.21
2022-10-18 00:00:52,-9.7,-9.7,-9.7,-9.7,-9.7,-9.7,-9.7,-9.7,-9.7,-9.7,-9.7,-9.7,-9.7,-9.7,-9.7,-9.7,-9.7,1.0,-9.21,1.0,1.0,1.0,-9.21,,-9.21,1.0,-9.27,1.0,-9.21,-9.21,0.0,-9.21
2022-10-18 00:00:53,-9.7,-9.7,-9.7,-9.7,-9.7,-9.7,-9.7,-9.7,-9.7,-9.7,-9.7,-9.7,-9.7,-9.7,-9.7,-9.7,-9.7,1.0,-9.21,1.0,1.0,1.0,-9.21,,-9.21,1.0,-9.27,1.0,-9.21,-9.21,0.0,-9.21
2022-10-18 00:00:54,-9.7,-9.7,-9.7,-9.7,-9.7,-9.7,-9.7,-9.7,-9.7,-9.7,-9.7,-9.7,-9.7,-9.7,-9.7,-9.7,-9.7,1.0,-9.21,1.0,1.0,1.0,-9.21,,-9.21,1.0,-9.27,1.0,-9.21,-9.21,0.0,-9.21
2022-10-18 00:00:55,-9.7,-9.7,-9.7,-9.7,-9.7,-9.7,-9.7,-9.7,-9.7,-9.7,-9.7,-9.7,-9.7,-9.7,-9.7,-9.7,-9.7,1.0,-9.21,1.0,1.0,1.0,-9.21,,-9.21,1.0,-9.27,1.0,-9.21,-9.21,0.0,-9.21
2022-10-18 00:00:56,-9.7,-9.7,-9.7,-9.7,-9.7,-9.7,-9.7,-9.7,-9.7,-9.7,-9.7,-9.7,-9.7,-9.7,-9.7,-9.7,-9.7,1.0,-9.21,1.0,1.0,1.0,-9.21,,-9.21,1.0,-9.27,1.0,-9.21,-9.21,0.0,-9.21
2022-10-18 00:00:57,-9.7,-9.7,-9.7,-9.7,-9.7,-9.7,-9.7,-9.7,-9.7,-9.7,-9.7,-9.7,-9.7,-9.7,-9.7,-9.7,-9.7,1.0,-9.21,1.0,1.0,1.0,-9.21,,-9.21,1.0,-9.27,1.0,-9.21,-9.21,0.0,-9.21
2022-10-18 00:00:58,-9.7,-9.7,-9.7,-9.7,-9.7,-9.7,-9.7,-9.7,-9.7,-9.7,-9.7,-9.7,-9.7,-9.7,-9.7,-9.7,-9.7,1.0,-9.21,1.0,1.0,1.0,-9.21,,-9.21,1.0,-9.27,1.0,-9.21,-9.21,0.0,-9.21
2022-10-18 00:00:59,-9.7,-9.7,-9.7,-9.7,-9.7,-9.7,-9.7,-9.7,-9.7,-9.7,-9.7,-9.7,-9.7,-9.7,-9.7,-9.7,-9.7,1.0,-9.21,1.0,1.0,1.0,-9.21,,-9.21,1.0,-9.27,1.0,-9.21,-9.21,0.0,-9.21
2022-10-18 00:01:00,-9.7,-9.7,-9.7,-9.7,-9.7,-9.7,-9.7,-9.7,-9.7,-9.7,-9.7,-9.7,-9.7,-9.7,-9.7,-9.7,-9.7,1.0,-9.21,1.0,1.0,1.0,-9.21,,-9.21,1.0,-9.27,1.0,-9.21,-9.21,0.0,-9.21
2022-10-18 00:01:01,-9.7,-9.7,-9.7,-9.7,-9.7,-9.7,-9.7,-9.7,-9.7,-9.7,-9.7,-9.7,-9.7,-9.7,-9.7,-9.7,-9.7,1.0,-9.21,1.0,1.0,1.0,-9.21,,-9.21,1.0,-9.27,1.0,-9.21,-9.21,0.0,-9.21
2022-10-18 00:01:02,-9.7,-9.7,-9.7,-9.7,-9.7,-9.7,-9.7,-9.7,-9.7,-9.7,-9.7,-9.7,-9.7,-9.7,-9.7,-9.7,-9.7,1.0,-9.21,1.0,1.0,1.0,-9.21,,-9.21,1.0,-9.27,1.0,-9.21,-9.21,0.0,-9.21
2022-10-18 00:01:03,-9.7,-9.7,-9.7,-9.7,-9.7,-9.7,-9.7,-9.7,-9.7,-9.7,-9.7,-9.7,-9.7,-9.7,-9.7,-9.7,-9.7,1.0,-9.21,1.0,1.0,1.0,-9.21,,-9.21,1.0,-9.27,1.0,-9.21,-9.21,0.0,-9.21
2022-10-18 00:01:04,-9.7,-9.7,-9.7,-9.7,-9.7,-9.7,-9.7,-9.7,-9.7,-9.7,-9.7,-9.7,-9.7,-9.7,-9.7,-9.7,-9.7,1.0,-9.21,1.0,1.0,1.0,-9.21,,-9.21,1.0,-9.27,1.0,-9.21,-9.21,0.0,-9.21
2022-10-18 00:01:05,-9.7,-9.7,-9.7,-9.7,-9.7,-9.7,-9.7,-9.7,-9.7,-9.7,-9.7,-9.7,-9.7,-9.7,-9.7,-9.7,-9.7,1.0,-9.21,1.0,1.0,1.0,-9.21,,-9.21,1.0,-9.27,1.0,-9.21,-9.21,0.0,-9.21
2022-10-18 00:01:06,-9.7,-9.7,-9.7,-9.7,-9.7,-9.7,-9.7,-9.7,-9.7,-9.7,-9.7,-9.7,-9.7,-9.7,-9.7,-9.7,-9.7,1.0,-9.21,1.0,1.0,1.0,-9.21,,-9.21,1.0,-9.27,1.0,-9.21,-9.21,0.0,-9.21
2022-10-18 00:01:07,-9.7,-9.7,-9.7,-9.7,-9.7,-9.7,-9.7,-9.7,-9.7,-9.7,-9.7,-9.7,-9.7,-9.7,-9.7,-9.7,-9.7,1.0,-9.21,1.0,1.0,1.0,-9.21,,-9.21,1.0,-9.27,1.0,-9.21,-9.21,0.0,-9.21
2022-10-18 00:01:08,-9.7,-9.7,-9.7,-9.7,-9.7,-9.7,-9.7,-9.7,-9.7,-9.7,-9.7,-9.7,-9.7,-9.7,-9.7,-9.7,-9.7,1.0,-9.21,1.0,1.0,1.0,-9.21,,-9.21,1.0,-9.27,1.0,-9.21,-9.21,0.0,-9.21
2022-10-18 00:01:09,-9.7,-9.7,-9.7,-9.7,-9.7,-9.7,-9.7,-9.7,-9.7,-9.7,-9.7,-9.7,-9.7,-9.7,-9.7,-9.7,-9.7,1.0,-9.21,1.0,1.0,1.0,-9.21,,-9.21,1.0,-9.27,1.0,-9.21,-9.21,0.0,-9.21
2022-10-18 00:01:10,-9.7,-9.7,-9.7,-9.7,-9.7,-9.7,-9.7,-9.7,-9.7,-9.7,-9.7,-9.7,-9.7,-9.7,-9.7,-9.7,-9.7,1.0,-9.21,1.0,1.0,1.0,-9.21,,-9.21,1.0,-9.27,1.0,-9.21,-9.21,0.0,-9.21
2022-10-18 00:01:11,-9.7,-9.7,-9.7,-9.7,-9.7,-9.7,-9.7,-9.7,-9.7,-9.7,-9.7,-9.7,-9.7,-9.7,-9.7,-9.7,-9.7,1.0,-9.21,1.0,1.0,1.0,-9.21,,-9.21,1.0,-9.27,1.0,-9.21,-9.21,0.0,-9.21
2022-10-18 00:01:12,-9.7,-9.7,-9.7,-9.7,-9.7,-9.7,-9.7,-9.7,-9.7,-9.7,-9.7,-9.7,-9.7,-9.7,-9.7,-9.7,-9.7,1.0,-9.21,1.0,1.0,1.0,-9.21,,-9.21,1.0,-9.27,1.0,-9.21,-9.21,0.0,-9.21
2022-10-18 00:01:13,-9.7,-9.7,-9.7,-9.7,-9.7,-9.7,-9.7,-9.7,-9.7,-9.7,-9.7,-9.7,-9.7,-9.7,-9.7,-9.7,-9.7,1.0,-9.21,1.0,1.0,1.0,-9.21,,-9.21,1.0,-9.27,1.0,-9.21,-9.21,0.0,-9.21
2022-10-18 00:01:14,-9.7,-9.7,-9.7,-9.7,-9.7,-9.7,-9.7,-9.7,-9.7,-9.7,-9.7,-9.7,-9.7,-9.7,-9.7,-9.7,-9.7,1.0,-9.21,1.0,1.0,1.0,-9.21,,-9.21,1.0,-9.27,1.0,-9.21,-9.21,0.0,-9.21
2022-10-18 00:01:15,-9.7,-9.7,-9.7,-9.7,-9.7,-9.7,-9.7,-9.7,-9.7,-9.7,-9.7,-9.7,-9.7,-9.7,-9.7,-9.7,-9.7,1.0,-9.21,1.0,1.0,1.0,-9.21,,-9.21,1.0,-9.27,1.0,-9.21,-9.21,0.0,-9.21
2022-10-18 00:01:16,-9.7,-9.7,-9.7,-9.7,-9.7,-9.7,-9.7,-9.7,-9.7,-9.7,-9.7,-9.7,-9.7,-9.7,-9.7,-9.7,-9.7,1.0,-9.21,1.0,1.0,1.0,-9.21,,-9.21,1.0,-9.27,1.0,-9.21,-9.21,0.0,-9.21
2022-10-18 00:01:17,-9.7,-9.7,-9.7,-9.7,-9.7,-9.7,-9.7,-9.7,-9.7,-9.7,-9.7,-9.7,-9.7,-9.7,-9.7,-9.7,-9.7,1.0,-9.21,1.0,1.0,1.0,-9.21,,-9.21,1.0,-9.27,1.0,-9.21,-9.21,0.0,-9.21
2022-10-18 00:01:18,-9.7,-9.7,-9.7,-9.7,-9.7,-9.7,-9.7,-9.7,-9.7,-9.7,-9.7,-9.7,-9.7,-9.7,-9.7,-9.7,-9.7,1.0,-9.21,1.0,1.0,1.0,-9.21,,-9.21,1.0,-9.27,1.0,-9.21,-9.21,0.0,-9.21
2022-10-18 00:01:19,-9.7,-9.7,-9.7,-9.7,-9.7,-9.7,-9.7,-9.7,-9.7,-9.7,-9.7,-9.7,-9.7,-9.7,-9.7,-9.7,-9.7,1.0,-9.21,1.0,1.0,1.0,-9.21,,-9.21,1.0,-9.27,1.0,-9.21,-9.21,0.0,-9.21
2022-10-18 00:01:20,-9.7,-9.7,-9.7,-9.7,-9.7,-9.7,-9.7,-9.7,-9.7,-9.7,-9.7,-9.7,-9.7,-9.7,-9.7,-9.7,-9.7,1.0,-9.21,1.0,1.0,1.0,-9.21,,-9.21,1.0,-9.27,1.0,-9.21,-9.21,0.0,-9.21
2022-10-18 00:01:21,-9.7,-9.7,-9.7,-9.7,-9.7,-9.7,-9.7,-9.7,-9.7,-9.7,-9.7,-9.7,-9.7,-9.7,-9.7,-9.7,-9.7,1.0,-9.21,1.0,1.0,1.0,-9.21,,-9.21,1.0,-9.27,1.0,-9.21,-9.21,0.0,-9.21
2022-10-18 00:01:22,-9.7,-9.7,-9.7,-9.7,-9.7,-9.7,-9.7,-9.7,-9.7,-9.7,-9.7,-9.7,-9.7,-9.7,-9.7,-9.7,-9.7,1.0,-9.21,1.0,1.0,1.0,-9.21,,-9.21,1.0,-9.27,1.0,-9.21,-9.21,0.0,-9.21
2022-10-18 00:01:23,-9.7,-9.7,-9.7,-9.7,-9.7,-9.7,-9.7,-9.7,-9.7,-9.7,-9.7,-9.7,-9.7,-9.7,-9.7,-9.7,-9.7,1.0,-9.21,1.0,1.0,1.0,-9.21,,-9.21,1.0,-9.27,1.0,-9.21,-9.21,0.0,-9.21
2022-10-18 00:01:24,-9.7,-9.7,-9.7,-9.7,-9.7,-9.7,-9.7,-9.7,-9.7,-9.7,-9.7,-9.7,-9.7,-9.7,-9.7,-9.7,-9.7,1.0,-9.21,1.0,1.0,1.0,-9.21,,-9.21,1.0,-9.27,1.0,-9.21,-9.21,0.0,-9.21
2022-10-18 00:01:25,-9.7,-9.7,-9.7,-9.7,-9.7,-9.7,-9.7,-9.7,-9.7,-9.7,-9.7,-9.7,-9.7,-9.7,-9.7,-9.7,-9.7,1.0,-9.21,1.0,1.0,1.0,-9.21,,-9.21,1.0,-9.27,1.0,-9.21,-9.21,0.0,-9.21
2022-10-18 00:01:26,-9.7,-9.7,-9.7,-9.7,-9.7,-9.7,-9.7,-9.7,-9.7,-9.7,-9.7,-9.7,-9.7,-9.7,-9.7,-9.7,-9.7,1.0,-9.21,1.0,1.0,1.0,-9.21,,-9.21,1.0,-9.27,1.0,-9.21,-9.21,0.0,-9.21
2022-10-18 00:01:27,-9.7,-9.7,-9.7,-9.7,-9.7,-9.7,-9.7,-9.7,-9.7,-9.7,-9.7,-9.7,-9.7,-9.7,-9.7,-9.7,-9.7,1.0,-9.21,1.0,1.0,1.0,-9.21,,-9.21,1.0,-9.27,1.0,-9.21,-9.21,0.0,-9.21
2022-10-18 00:01:28,-9.7,-9.7,-9.7,-9.7,-9.7,-9.7,-9.7,-9.7,-9.7,-9.7,-9.7,-9.7,-9.7,-9.7,-9.7,-9.7,-9.7,1.0,-9.21,1.0,1.0,1.0,-9.21,,-9.21,1.0,-9.27,1.0,-9.21,-9.21,0.0,-9.21
2022-10-18 00:01:29,-9.7,-9.7,-9.7,-9.7,-9.7,-9.7,-9.7,-9.7,-9.7,-9.7,-9.7,-9.7,-9.7,-9.7,-9.7,-9.7,-9.7,1.0,-9.21,1.0,1.0,1.0,-9.21,,-9.21,1.0,-9.27,1.0,-9.21,-9.21,0.0,-9.21
2022-10-18 00:01:30,-9.7,-9.7,-9.7,-9.7,-9.7,-9.7,-9.7,-9.7,-9.7,-9.7,-9.7,-9.7,-9.7,-9.7,-9.7,-9.7,-9.7,1.0,-9.21,1.0,1.0,1.0,-9.21,,-9.21,1.0,-9.27,1.0,-9.21,-9.21,0.0,-9.21
2022-10-18 00:01:31,-9.7,-9.7,-9.7,-9.7,-9.7,-9.7,-9.7,-9.7,-9.7,-9.7,-9.7,-9.7,-9.7,-9.7,-9.7,-9.7,-9.7,1.0,-9.21,1.0,1.0,1.0,-9.21,,-9.21,1.0,-9.27,1.0,-9.21,-9.21,0.0,-9.21
2022-10-18 00:01:32,-9.7,-9.7,-9.7,-9.7,-9.7,-9.7,-9.7,-9.7,-9.7,-9.7,-9.7,-9.7,-9.7,-9.7,-9.7,-9.7,-9.7,1.0,-9.21,1.0,1.0,1.0,-9.21,,-9.21,1.0,-9.27,1.0,-9.21,-9.21,0.0,-9.21
2022-10-18 00:01:33,-9.7,-9.7,-9.7,-9.7,-9.7,-9.7,-9.7,-9.7,-9.7,-9.7,-9.7,-9.7,-9.7,-9.7,-9.7,-9.7,-9.7,1.0,-9.21,1.0,1.0,1.0,-9.21,,-9.21,1.0,-9.27,1.0,-9.21,-9.21,0.0,-9.21
2022-10-18 00:01:34,-9.7,-9.7,-9.7,-9.7,-9.7,-9.7,-9.7,-9.7,-9.7,-9.7,-9.7,-9.7,-9.7,-9.7,-9.7,-9.7,-9.7,1.0,-9.21,1.0,1.0,1.0,-9.21,,-9.21,1.0,-9.27,1.0,-9.21,-9.21,0.0,-9.21
2022-10-18 00:01:35,-9.7,-9.7,-9.7,-9.7,-9.7,-9.7,-9.7,-9.7,-9.7,-9.7,-9.7,-9.7,-9.7,-9.7,-9.7,-9.7,-9.7,1.0,-9.21,1.0,1.0,1.0,-9.21,,-9.21,1.0,-9.27,1.0,-9.21,-9.21,0.0,-9.21
2022-10-18 00:01:36,-9.7,-9.7,-9.7,-9.7,-9.7,-9.7,-9.7,-9.7,-9.7,-9.7,-9.7,-9.7,-9.7,-9.7,-9.7,-9.7,-9.7,1.0,-9.21,1.0,1.0,1.0,-9.21,,-9.21,1.0,-9.27,1.0,-9.21,-9.21,0.0,-9.21